aa	text	x_coord	y_coord
Phe	UUU	2	16
Phe	UUC	2	15
Leu	UUA	2	14
Leu	UUG	2	13
Leu	CUU	2	12
Leu	CUC	2	11
Leu	CUA	2	10
Leu	CUG	2	9
Ile	AUU	2	8
Ile	AUC	2	7
Ile	AUA	2	6
Met	AUG	2	5
Val	GUU	2	4
Val	GUC	2	3
Val	GUA	2	2
Val	GUG	2	1
Ser	UCU	4	16
Ser	UCC	4	15
Ser	UCA	4	14
Ser	UCG	4	13
Pro	CCU	4	12
Pro	CCC	4	11
Pro	CCA	4	10
Pro	CCG	4	9
Thr	ACU	4	8
Thr	ACC	4	7
Thr	ACA	4	6
Thr	ACG	4	5
Ala	GCU	4	4
Ala	GCC	4	3
Ala	GCA	4	2
Ala	GCG	4	1
Tyr	UAU	6	16
Tyr	UAC	6	15
Stop	UAA	6	14
Stop	UAG	6	13
His	CAU	6	12
His	CAC	6	11
Gln	CAA	6	10
Gln	CAG	6	9
Asn	AAU	6	8
Asn	AAC	6	7
Lys	AAA	6	6
Lys	AAG	6	5
Asp	GAU	6	4
Asp	GAC	6	3
Glu	GAA	6	2
Glu	GAG	6	1
Cys	UGU	8	16
Cys	UGC	8	15
Ter	UGA	8	14
Trp	UGG	8	13
Arg	CGU	8	12
Arg	CGC	8	11
Arg	CGA	8	10
Arg	CGG	8	9
Ser	AGU	8	8
Ser	AGC	8	7
Arg	AGA	8	6
Arg	AGG	8	5
Gly	GGU	8	4
Gly	GGC	8	3
Gly	GGA	8	2
Gly	GGG	8	1
NA	Phe	1	15.5
NA	Leu	1	11.5
NA	Ile	1	7
NA	Met	1	5
NA	Val	1	2.5
NA	Ser	3	14.5
NA	Pro	3	10.5
NA	Thr	3	6.5
NA	Ala	3	2.5
NA	Tyr	5	15.5
NA	Stop	5	13.5
NA	His	5	11.5
NA	Gln	5	9.5
NA	Asn	5	7.5
NA	Lys	5	5.5
NA	Asp	5	3.5
NA	Glu	5	1.5
NA	Cys	7	15.5
NA	Stop	7	14
NA	Trp	7	13
NA	Arg	7	10.5
NA	Ser	7	7.5
NA	Arg	7	5.5
NA	Gly	7	2.5
NA	U	0	14.5
NA	C	0	10.5
NA	A	0	6.5
NA	G	0	2.5
NA	U	1.5	17
NA	C	3.5	17
NA	A	5.5	17
NA	G	7.5	17
